{
  "accuracy": 0.8852459016393442,
  "roc_auc": 0.9621212121212122,
  "precision_1": 0.8387096774193549,
  "recall_1": 0.9285714285714286,
  "f1_1": 0.8813559322033898
}